Function	Algorithm	Parameter	Iterations	Total Time (s)	Average Time (ns)	Allocs		Bytes
PrimesUpTo	SimpleErat	101		200000		1.991694075s	9958			     208 B/op	       2 allocs/op
PrimesUpTo	SimpleErat	1001		20000		1.188645331s	59432			    1120 B/op	       2 allocs/op
PrimesUpTo	SimpleErat	10001		3000		1.353917706s	451305			   10592 B/op	       2 allocs/op
PrimesUpTo	SimpleErat	100001		500		1.962231061s	3924462			  106593 B/op	       2 allocs/op
PrimesUpTo	SimpleErat	1000001		50		1.776530197s	35530603		 1007725 B/op	       3 allocs/op
PrimesUpTo	SimpleErat	10000001	3		1.119644011s	373214670		10002592 B/op	       8 allocs/op
PrimesUpTo	SimpleErat	100000001	1		4.352222962s	4352222962		100008096 B/op	       7 allocs/op
